INSERT INTO CCCOMPANY (CIPJ) 
VALUES ('1001');
INSERT INTO CCCOMPANY (CIPJ) 
VALUES ('1002');
INSERT INTO CCCOMPANY (CIPJ) 
VALUES ('1003');
INSERT INTO CCCOMPANY (CIPJ) 
VALUES ('1004');
INSERT INTO CCCOMPANY (CIPJ) 
VALUES ('1005');
INSERT INTO CCCOMPANY (CIPJ) 
VALUES ('1006');
INSERT INTO CCCOMPANY (CIPJ) 
VALUES ('1007');
INSERT INTO CCCOMPANY (CIPJ) 
VALUES ('1008');
INSERT INTO CCCOMPANY (CIPJ) 
VALUES ('1009');
INSERT INTO CCCOMPANY (CIPJ) 
VALUES ('1010');
INSERT INTO CCCOMPANY (CIPJ) 
VALUES ('1011');
INSERT INTO CCCOMPANY (CIPJ) 
VALUES ('1012');
INSERT INTO CCCOMPANY (CIPJ) 
VALUES ('1013');
INSERT INTO CCCOMPANY (CIPJ) 
VALUES ('1014');
INSERT INTO CCCOMPANY (CIPJ) 
VALUES ('1015');
INSERT INTO CCCOMPANY (CIPJ) 
VALUES ('1016');
INSERT INTO CCCOMPANY (CIPJ) 
VALUES ('1017');
INSERT INTO CCCOMPANY (CIPJ) 
VALUES ('1018');
INSERT INTO CCCOMPANY (CIPJ) 
VALUES ('1019');
INSERT INTO CCCOMPANY (CIPJ) 
VALUES ('1020');

INSERT INTO CONTATOCOMPANY (CIPJCOMPANY, CONTATO) 
VALUES ('1001', 'fab1.1@gil.com');
INSERT INTO CONTATOCOMPANY (CIPJCOMPANY, CONTATO) 
VALUES ('1001', 'fab1.2@gil.com');
INSERT INTO CONTATOCOMPANY (CIPJCOMPANY, CONTATO) 
VALUES ('1002', 'fab2@gil.com');
INSERT INTO CONTATOCOMPANY (CIPJCOMPANY, CONTATO) 
VALUES ('1003', 'fab3@gil.com');
INSERT INTO CONTATOCOMPANY (CIPJCOMPANY, CONTATO) 
VALUES ('1004', 'fab4@gil.com');
INSERT INTO CONTATOCOMPANY (CIPJCOMPANY, CONTATO) 
VALUES ('1005', 'forn1@gil.com');
INSERT INTO CONTATOCOMPANY (CIPJCOMPANY, CONTATO) 
VALUES ('1006', 'forn2@gil.com');
INSERT INTO CONTATOCOMPANY (CIPJCOMPANY, CONTATO) 
VALUES ('1007', 'forn3@gil.com');
INSERT INTO CONTATOCOMPANY (CIPJCOMPANY, CONTATO) 
VALUES ('1008', 'forn4@gil.com');
INSERT INTO CONTATOCOMPANY (CIPJCOMPANY, CONTATO) 
VALUES ('1009', 'tran1@gil.com');
INSERT INTO CONTATOCOMPANY (CIPJCOMPANY, CONTATO) 
VALUES ('1010', 'tran2@gil.com');
INSERT INTO CONTATOCOMPANY (CIPJCOMPANY, CONTATO) 
VALUES ('1011', 'tran3@gil.com');
INSERT INTO CONTATOCOMPANY (CIPJCOMPANY, CONTATO) 
VALUES ('1012', 'tran4@gil.com');
INSERT INTO CONTATOCOMPANY (CIPJCOMPANY, CONTATO) 
VALUES ('1013', 'dep1@gil.com');
INSERT INTO CONTATOCOMPANY (CIPJCOMPANY, CONTATO) 
VALUES ('1014', 'dep2@gil.com');
INSERT INTO CONTATOCOMPANY (CIPJCOMPANY, CONTATO) 
VALUES ('1015', 'dep3@gil.com');
INSERT INTO CONTATOCOMPANY (CIPJCOMPANY, CONTATO) 
VALUES ('1016', 'dep4.1@gil.com');
INSERT INTO CONTATOCOMPANY (CIPJCOMPANY, CONTATO) 
VALUES ('1016', 'dep4.2@gil.com');
INSERT INTO CONTATOCOMPANY (CIPJCOMPANY, CONTATO) 
VALUES ('1016', 'dep4.3@gil.com');
INSERT INTO CONTATOCOMPANY (CIPJCOMPANY, CONTATO) 
VALUES ('1017', 'mark1@gil.com');
INSERT INTO CONTATOCOMPANY (CIPJCOMPANY, CONTATO) 
VALUES ('1018', 'mark2@gil.com');
INSERT INTO CONTATOCOMPANY (CIPJCOMPANY, CONTATO) 
VALUES ('1019', 'mark3.1@gil.com');
INSERT INTO CONTATOCOMPANY (CIPJCOMPANY, CONTATO) 
VALUES ('1019', 'mark3.2@gil.com');
INSERT INTO CONTATOCOMPANY (CIPJCOMPANY, CONTATO) 
VALUES ('1020', 'mark4@gil.com');

INSERT INTO FORNECEDOR (CIPJFORN, TIPO)
VALUES ('1005', 'xarope');
INSERT INTO FORNECEDOR (CIPJFORN, TIPO)
VALUES ('1006', 'acido-carb');
INSERT INTO FORNECEDOR (CIPJFORN, TIPO)
VALUES ('1007', 'corante');
INSERT INTO FORNECEDOR (CIPJFORN, TIPO)
VALUES ('1008', 'acucar');

INSERT INTO FABRICA (CIPJFAB)
VALUES ('1001');
INSERT INTO FABRICA (CIPJFAB)
VALUES ('1002');
INSERT INTO FABRICA (CIPJFAB)
VALUES ('1003');
INSERT INTO FABRICA (CIPJFAB)
VALUES ('1004');

INSERT INTO MARKETING (CIPJMARK, CIPJMATRIZ)
VALUES('1019', NULL);
INSERT INTO MARKETING (CIPJMARK, CIPJMATRIZ)
VALUES('1020', '1019');
INSERT INTO MARKETING (CIPJMARK, CIPJMATRIZ)
VALUES('1017', '1020');
INSERT INTO MARKETING (CIPJMARK, CIPJMATRIZ)
VALUES('1018', '1020');

INSERT INTO DEPOSITO (CIPJDEP)
VALUES ('1013');
INSERT INTO DEPOSITO (CIPJDEP)
VALUES ('1014');
INSERT INTO DEPOSITO (CIPJDEP)
VALUES ('1015');
INSERT INTO DEPOSITO (CIPJDEP)
VALUES ('1016');

INSERT INTO TRANSPORTADORA (CIPJTRANS, NOME)
VALUES ('1009', 'transfast');
INSERT INTO TRANSPORTADORA (CIPJTRANS, NOME)
VALUES ('1010', 'lopes transportes');
INSERT INTO TRANSPORTADORA (CIPJTRANS, NOME)
VALUES ('1011', 'super go');
INSERT INTO TRANSPORTADORA (CIPJTRANS, NOME)
VALUES ('1012', 'va num pe');

INSERT INTO CAMINHAOMOTORISTA (PLACA, CIPJTRANS, CPFMOTOR)
VALUES ('PFZ02', '1009', '2134');
INSERT INTO CAMINHAOMOTORISTA (PLACA, CIPJTRANS, CPFMOTOR)
VALUES ('QYC54', '1009', '2347');
INSERT INTO CAMINHAOMOTORISTA (PLACA, CIPJTRANS, CPFMOTOR)
VALUES ('MVA80', '1010', '5106');
INSERT INTO CAMINHAOMOTORISTA (PLACA, CIPJTRANS, CPFMOTOR)
VALUES ('PQY62', '1011', '3532');
INSERT INTO CAMINHAOMOTORISTA (PLACA, CIPJTRANS, CPFMOTOR)
VALUES ('NVZ51', '1011', '0631');
INSERT INTO CAMINHAOMOTORISTA (PLACA, CIPJTRANS, CPFMOTOR)
VALUES ('JYK64', '1011', '6714');
INSERT INTO CAMINHAOMOTORISTA (PLACA, CIPJTRANS, CPFMOTOR)
VALUES ('NNM12', '1012', '8194');

INSERT INTO LOJA (CIPJLOJA, NOME, END_ESTADO, END_RUA, END_BAIRRO, END_NUMERO)
VALUES ('1501', 'Mercadomix', 'Pernambuco', 'Navegantes', 'Peixinhos', '156');
INSERT INTO LOJA (CIPJLOJA, NOME, END_ESTADO, END_RUA, END_BAIRRO, END_NUMERO)
VALUES ('1502', 'Povo atacarejo', 'Paraíba', 'Bette nova', 'Fontana', '437');
INSERT INTO LOJA (CIPJLOJA, NOME, END_ESTADO, END_RUA, END_BAIRRO, END_NUMERO)
VALUES ('1503', 'Lins e silva', 'Sergipe', 'Aurora', 'Faixinhas', '895');

INSERT INTO CONTATOLOJA (CIPJLOJA, CONTATO)
VALUES ('1501', 'mrcdmx1@gil.com');
INSERT INTO CONTATOLOJA (CIPJLOJA, CONTATO)
VALUES ('1501', 'mrcdmx2@gil.com');
INSERT INTO CONTATOLOJA (CIPJLOJA, CONTATO)
VALUES ('1501', 'mrcdmx3@gil.com');
INSERT INTO CONTATOLOJA (CIPJLOJA, CONTATO)
VALUES ('1502', 'atcrj@gil.com');
INSERT INTO CONTATOLOJA (CIPJLOJA, CONTATO)
VALUES ('1503', 'linsil1@gil.com');
INSERT INTO CONTATOLOJA (CIPJLOJA, CONTATO)
VALUES ('1503', 'linsil2@gil.com');

INSERT INTO CLIENTE (CPFCLI)
VALUES ('2134');
INSERT INTO CLIENTE (CPFCLI)
VALUES ('6147');
INSERT INTO CLIENTE (CPFCLI)
VALUES ('3568');
INSERT INTO CLIENTE (CPFCLI)
VALUES ('5269');

INSERT INTO COMPRA (CPFCLI, CIPJLOJA)
VALUES ('2134', '1501');
INSERT INTO COMPRA (CPFCLI, CIPJLOJA)
VALUES ('2134', '1502');
INSERT INTO COMPRA (CPFCLI, CIPJLOJA)
VALUES ('2134', '1503');
INSERT INTO COMPRA (CPFCLI, CIPJLOJA)
VALUES ('6147', '1502');
INSERT INTO COMPRA (CPFCLI, CIPJLOJA)
VALUES ('3568', '1502');
INSERT INTO COMPRA (CPFCLI, CIPJLOJA)
VALUES ('5269', '1503');

INSERT INTO ANUNCIO (CIPJMARK, ID, DATA, TIPO)
VALUES ('1017', 0001, '2022/03/20', 'TV');
INSERT INTO ANUNCIO (CIPJMARK, ID, DATA, TIPO)
VALUES ('1017', 0002, '2022/03/20', 'TV');
INSERT INTO ANUNCIO (CIPJMARK, ID, DATA, TIPO)
VALUES ('1017', 0003, '2022/03/20', 'Instagram');
INSERT INTO ANUNCIO (CIPJMARK, ID, DATA, TIPO)
VALUES ('1018', 0004, '2022/03/20', 'Instagram');
INSERT INTO ANUNCIO (CIPJMARK, ID, DATA, TIPO)
VALUES ('1019', 0005, '2022/04/10', 'Outdoor');
INSERT INTO ANUNCIO (CIPJMARK, ID, DATA, TIPO)
VALUES ('1020', 0006, '2022/05/02', 'TV');

INSERT INTO DEPLOJA (CIPJLOJA, CIPJDEP, DATA_HORADL, CIPJTRANS, QTDDL, VALOR_UNITDL, FRETEDL, VALOR_TOTALDL)
VALUES ('1501', '1013', '15/03/2023 14h', '1009', 50, 70, 300, 3800);
INSERT INTO DEPLOJA (CIPJLOJA, CIPJDEP, DATA_HORADL, CIPJTRANS, QTDDL, VALOR_UNITDL, FRETEDL, VALOR_TOTALDL)
VALUES ('1501', '1013', '15/03/2023 15h', '1010', 100, 60, 250, 6250);
INSERT INTO DEPLOJA (CIPJLOJA, CIPJDEP, DATA_HORADL, CIPJTRANS, QTDDL, VALOR_UNITDL, FRETEDL, VALOR_TOTALDL)
VALUES ('1502', '1014', '11/03/2023 14h', '1009', 300, 20, 350, 6350);
INSERT INTO DEPLOJA (CIPJLOJA, CIPJDEP, DATA_HORADL, CIPJTRANS, QTDDL, VALOR_UNITDL, FRETEDL, VALOR_TOTALDL)
VALUES ('1503', '1016', '25/04/2023 14h', '1012', 1000, 7, 500, 7500);

INSERT INTO FABFORN (CIPJFAB, CIPJFORN, DATA_HORAF, CIPJTRANS, QTDF, VALOR_UNITF, FRETEF, VALOR_TOTALF)
VALUES ('1001', '1005', '20/02/2023 11h', '1009', 100, 37, 500, 4200);
INSERT INTO FABFORN (CIPJFAB, CIPJFORN, DATA_HORAF, CIPJTRANS, QTDF, VALOR_UNITF, FRETEF, VALOR_TOTALF)
VALUES ('1001', '1005', '20/02/2023 12h', '1012', 350, 12, 535, 4735);
INSERT INTO FABFORN (CIPJFAB, CIPJFORN, DATA_HORAF, CIPJTRANS, QTDF, VALOR_UNITF, FRETEF, VALOR_TOTALF)
VALUES ('1002', '1007', '27/02/2023 17h', '1011', 500, 11, 450, 5950);
INSERT INTO FABFORN (CIPJFAB, CIPJFORN, DATA_HORAF, CIPJTRANS, QTDF, VALOR_UNITF, FRETEF, VALOR_TOTALF)
VALUES ('1003', '1007', '13/03/2023 9h', '1010', 170, 21, 395, 3965);

INSERT INTO FABDEP (CIPJFAB, CIPJDEP, DATA_HORAD, CIPJTRANS, QTDD, VALOR_UNITD, FRETED, VALOR_TOTALD)
VALUES ('1001', '1016', '16/02/2023 9h', '1010', 300, 15, 600, 5100);
INSERT INTO FABDEP (CIPJFAB, CIPJDEP, DATA_HORAD, CIPJTRANS, QTDD, VALOR_UNITD, FRETED, VALOR_TOTALD)
VALUES ('1001', '1016', '16/02/2023 13h', '1010', 500, 5, 300, 2800);
INSERT INTO FABDEP (CIPJFAB, CIPJDEP, DATA_HORAD, CIPJTRANS, QTDD, VALOR_UNITD, FRETED, VALOR_TOTALD)
VALUES ('1002', '1014', '21/02/2023 15h', '1011', 1500, 6, 350, 9350);
INSERT INTO FABDEP (CIPJFAB, CIPJDEP, DATA_HORAD, CIPJTRANS, QTDD, VALOR_UNITD, FRETED, VALOR_TOTALD)
VALUES ('1003', '1013', '19/03/2023 9h', '1012', 180, 25, 670, 5170);





